text_id,model,x3_adjacent_sentence_similarity_gradient,x3_adjacent_sentence_gradient_se,x3_adjacent_sentence_gradient_r2,x3_adjacent_sentence_similarity_first_third,x3_adjacent_sentence_similarity_middle_third,x3_adjacent_sentence_similarity_final_third,x3_adjacent_sentence_similarity_retention
BASIC_CHATGPT_NATIVE_001,chatgpt_native,-0.07460448708922064,0.10397274037393588,0.025097029124305524,0.16423845319960553,0.03059270739819895,0.07722358239306436,-0.08701487080654118
BASIC_CLAUDE_NATIVE_001,claude_native,-0.169940573404243,0.1054488783767706,0.11006499638181444,0.0498514632870538,-0.04381398659219937,-0.06568542649767291,-0.1155368897847267
BASIC_GEMINI_NATIVE_001,gemini_native,-0.16984115467773034,0.1146916696992151,0.08372174209195027,0.2064303320294315,0.1402022189434255,0.07058610359249398,-0.13584422843693753
HUMAN_BASELINE_001,human,-0.05165443849016269,0.08968050572499119,0.011310482295976398,0.006097129683682571,0.03239276083188763,-0.0034471012149050574,-0.009544230898587629
