text_id,model,x3_adjacent_sentence_similarity_mean,x3_adjacent_sentence_similarity_sd,n_adjacent_sentence_pairs,x3_adjacent_paragraph_similarity_mean,n_adjacent_paragraph_pairs,x3_adjacent_sentence_similarity_gradient,x3_adjacent_sentence_gradient_se,x3_adjacent_sentence_gradient_r2,x3_adjacent_sentence_similarity_first_third,x3_adjacent_sentence_similarity_middle_third,x3_adjacent_sentence_similarity_final_third,x3_adjacent_sentence_similarity_retention,x3co_adjacent_sentence_similarity_mean,x3co_adjacent_sentence_similarity_sd,n_valid_x3co_sentence_pairs,x3co_adjacent_sentence_similarity_gradient,x3co_adjacent_sentence_similarity_retention,x3co_adjacent_paragraph_similarity_mean,n_valid_x3co_paragraph_pairs
BASIC_CHATGPT_NATIVE_001,chatgpt_native,0.09402825700616761,0.14561936478149703,22,0.27470532793761154,3,-0.07460448708922064,0.10397274037393588,0.025097029124305524,0.16423845319960553,0.03059270739819895,0.07722358239306436,-0.08701487080654118,0.1902862580808568,0.27952081812355717,16,0.32443196338050223,0.14811634224002937,0.5647385727431695,3
BASIC_CLAUDE_NATIVE_001,claude_native,-0.018842157036102116,0.15791693364545636,23,0.25221437586375883,2,-0.169940573404243,0.1054488783767706,0.11006499638181444,0.0498514632870538,-0.04381398659219937,-0.06568542649767291,-0.1155368897847267,0.287059914026809,0.45611257259253135,8,0.15412704926688356,0.2401048713486624,0.16973933238466166,2
BASIC_GEMINI_NATIVE_001,gemini_native,0.1390294489286436,0.17958155583131566,26,0.20468775761168442,2,-0.16984115467773034,0.1146916696992151,0.08372174209195027,0.2064303320294315,0.1402022189434255,0.07058610359249398,-0.13584422843693753,-0.004606825729359972,0.17451228105044989,12,-0.25747237493118685,-0.2065181821997526,0.3757212648060948,2
HUMAN_BASELINE_001,human,0.011500807183559158,0.14720109515254673,31,0.2872803977961476,4,-0.05165443849016269,0.08968050572499119,0.011310482295976398,0.006097129683682571,0.03239276083188763,-0.0034471012149050574,-0.009544230898587629,0.33581436099183876,0.34118758183416437,15,0.09502116825398907,0.045320356358596325,0.19911588916013426,4
