text_id,model,x4_paragraph_title_similarity_mean,x4_sentence_title_similarity_mean,x4_text_title_similarity,x4_paragraph_subheading_similarity_mean,n_sections_scored,section_mapping_valid
BASIC_CHATGPT_NATIVE_001,chatgpt_native,0.29518699187936553,0.15505497339564628,0.4058634404569342,0.18897811269362086,3,TRUE
BASIC_CLAUDE_NATIVE_001,claude_native,0.32509191512865615,0.11883926651338765,0.4340614046271485,0.08306145720490678,3,TRUE
BASIC_GEMINI_NATIVE_001,gemini_native,0.1874222522880606,0.09828866938800927,0.25610514899239084,0.13750451275426276,3,TRUE
HUMAN_BASELINE_001,human,0.31905192631569096,0.13749909668280347,0.4570586007018148,0.031650849683653094,3,TRUE
