analysis_scope,n_matched_transitions,pearson_correlation,spearman_correlation,regression_intercept,regression_slope,regression_r2
all_texts,11,0.41325265117622056,0.33636363636363636,0.07558552844541067,2.048919517771121,0.17077775370417533
lms_only,7,-0.02242991977184208,-0.07142857142857141,0.19014804680339475,-0.13959159741554722,5.031013009712645e-4
human_only,4,0.9072341408809825,0.8,0.07825726157370044,2.751308401150485,0.8230737863800545
