text_id,model,x3pcw_adjacent_paragraph_similarity_mean,n_x3pcw_adjacent_paragraph_pairs,n_valid_x3pcw_pairs,n_valid_x3pcw_gradient_pairs,x3pcw_topic_continuity_first,x3pcw_topic_continuity_final,x3pcw_topic_continuity_change,x3pcw_adjacent_paragraph_similarity_gradient,x3pcw_adjacent_paragraph_gradient_se,x3pcw_adjacent_paragraph_gradient_r2
BASIC_CHATGPT_NATIVE_001,chatgpt_native,0.14826084752820706,3,3,3,-9.192764832587053e-4,0.11061724290636267,0.11153651938962138,0.11153651938962139,0.32358819005235373,0.10619228127753662
BASIC_CLAUDE_NATIVE_001,claude_native,0.24541049520694033,2,2,2,0.31226692584999594,0.17855406456388473,-0.1337128612861112,-0.1337128612861112,NA,NA
BASIC_GEMINI_NATIVE_001,gemini_native,0.1643951410131077,2,2,2,0.3042836460034836,0.02450663602273179,-0.27977700998075183,-0.2797770099807518,NA,NA
HUMAN_BASELINE_001,human,0.3056373761029874,4,4,4,0.34263912646624056,0.4412394829481772,0.09860035648193666,0.05262017114286573,0.19059559509096272,0.03671174787239535
