source,n_documents,total_words,minimum_words,median_words,mean_words,maximum_words,document_share,word_share
Falko_L1,95,59056,155,582,635.010752688172,1467,0.04740518962075848,0.6308323363527603
Leipzig_filtered,1909,34560,3,17,18.103719224724987,55,0.9525948103792415,0.3691676636472398
